[{"__type__":"cc.SpriteFrame","content":{"name":"spritePlayer","texture":"68+tnVjsFFX5EwFv/7KLM7","rect":[0,0,256,256],"offset":[0,0],"originalSize":[256,256],"capInsets":[129,0,127,0]}},{"__type__":"cc.SpriteFrame","content":{"name":"header","texture":"10mnHMO/VKw4Cm0x9zbJoh","rect":[0,0,139,139],"offset":[0,0],"originalSize":[139,139],"capInsets":[45,45,45,45]}},{"__type__":"cc.SpriteFrame","content":{"name":"default_sprite_splash","texture":"02delMVqdBD70a/HSD99FK","rect":[0,0,2,2],"offset":[0,0],"originalSize":[2,2]}},[{"__type__":"cc.SceneAsset","_name":"test01","scene":{"__id__":1},"asyncLoadAssets":null},{"__type__":"cc.Scene","_name":"New Node","_children":[{"__id__":2}],"_anchorPoint":{"__type__":"cc.Vec2"},"autoReleaseAssets":false},{"__type__":"cc.Node","_name":"Canvas","_parent":{"__id__":1},"_children":[{"__id__":3},{"__id__":4}],"_components":[{"__type__":"cc.Canvas","node":{"__id__":2},"_designResolution":{"__type__":"cc.Size","width":800,"height":1280},"_fitWidth":true}],"_id":"70c0XbKZBG/ojEiilpGgOU","_contentSize":{"__type__":"cc.Size","width":800,"height":1280},"_position":{"__type__":"cc.Vec2","x":400,"y":640}},{"__type__":"cc.Node","_name":"bg","_parent":{"__id__":2},"_components":[{"__type__":"cc.Sprite","node":{"__id__":3},"_spriteFrame":{"__uuid__":"a2MjXRFdtLlYQ5ouAFv/+R"},"_sizeMode":0}],"_color":{"__type__":"cc.Color"},"_contentSize":{"__type__":"cc.Size","width":2000,"height":2000}},{"__type__":"cc.Node","_name":"Fb","_parent":{"__id__":2},"_children":[{"__id__":5},{"__id__":7},{"__id__":9},{"__id__":11},{"__id__":13},{"__id__":15},{"__id__":17},{"__id__":18}],"_components":[{"__type__":"df65flxV5BIf7nZCQKp8RMQ","node":{"__id__":4},"tSprite":{"__id__":18}},{"__type__":"5be29NDA9ZMD6Si2H+Tp5l4","node":{"__id__":4}}]},{"__type__":"cc.Node","_name":"Btn_Share","_parent":{"__id__":4},"_children":[{"__id__":6}],"_components":[{"__type__":"cc.Sprite","node":{"__id__":5},"_spriteFrame":{"__uuid__":"83QGOCWhRF/bD1pIFfj/Uk"},"_type":1,"_sizeMode":0},{"__type__":"cc.Button","node":{"__id__":5},"transition":2,"clickEvents":[{"__type__":"cc.ClickEvent","target":{"__id__":4},"component":"FbInstantGames","handler":"shareGame"}],"_N$normalSprite":{"__uuid__":"83QGOCWhRF/bD1pIFfj/Uk"},"_N$pressedSprite":{"__uuid__":"07I42l/t1NmYSeK3ndSM3K"},"pressedSprite":{"__uuid__":"07I42l/t1NmYSeK3ndSM3K"},"_N$target":{"__id__":5}}],"_color":{"__type__":"cc.Color","g":139,"b":204},"_contentSize":{"__type__":"cc.Size","width":500,"height":139},"_position":{"__type__":"cc.Vec2","y":400}},{"__type__":"cc.Node","_name":"New Label","_parent":{"__id__":5},"_components":[{"__type__":"cc.Label","node":{"__id__":6},"_useOriginalSize":false,"_actualFontSize":50,"_fontSize":50,"_lineHeight":70,"_N$string":"シェアする","_N$horizontalAlign":1,"_N$verticalAlign":1,"_N$overflow":2}],"_contentSize":{"__type__":"cc.Size","width":470,"height":100}},{"__type__":"cc.Node","_name":"Btn_Invitation","_parent":{"__id__":4},"_children":[{"__id__":8}],"_components":[{"__type__":"cc.Sprite","node":{"__id__":7},"_spriteFrame":{"__uuid__":"83QGOCWhRF/bD1pIFfj/Uk"},"_type":1,"_sizeMode":0},{"__type__":"cc.Button","node":{"__id__":7},"transition":2,"clickEvents":[{"__type__":"cc.ClickEvent","target":{"__id__":4},"component":"FbInstantGames","handler":"sendRequest"}],"_N$normalSprite":{"__uuid__":"83QGOCWhRF/bD1pIFfj/Uk"},"_N$pressedSprite":{"__uuid__":"07I42l/t1NmYSeK3ndSM3K"},"pressedSprite":{"__uuid__":"07I42l/t1NmYSeK3ndSM3K"},"_N$target":{"__id__":7}}],"_color":{"__type__":"cc.Color","g":139,"b":204},"_contentSize":{"__type__":"cc.Size","width":500,"height":139},"_position":{"__type__":"cc.Vec2","y":250}},{"__type__":"cc.Node","_name":"New Label","_parent":{"__id__":7},"_components":[{"__type__":"cc.Label","node":{"__id__":8},"_useOriginalSize":false,"_actualFontSize":50,"_fontSize":50,"_lineHeight":70,"_N$string":"招待する","_N$horizontalAlign":1,"_N$verticalAlign":1,"_N$overflow":2}],"_contentSize":{"__type__":"cc.Size","width":470,"height":100}},{"__type__":"cc.Node","_name":"Btn_PlayMessage","_parent":{"__id__":4},"_children":[{"__id__":10}],"_components":[{"__type__":"cc.Sprite","node":{"__id__":9},"_spriteFrame":{"__uuid__":"83QGOCWhRF/bD1pIFfj/Uk"},"_type":1,"_sizeMode":0},{"__type__":"cc.Button","node":{"__id__":9},"transition":2,"clickEvents":[{"__type__":"cc.ClickEvent","target":{"__id__":4},"component":"FbInstantGames","handler":"playMessage"}],"_N$normalSprite":{"__uuid__":"83QGOCWhRF/bD1pIFfj/Uk"},"_N$pressedSprite":{"__uuid__":"07I42l/t1NmYSeK3ndSM3K"},"pressedSprite":{"__uuid__":"07I42l/t1NmYSeK3ndSM3K"},"_N$target":{"__id__":9}}],"_color":{"__type__":"cc.Color","g":139,"b":204},"_contentSize":{"__type__":"cc.Size","width":500,"height":139},"_position":{"__type__":"cc.Vec2","y":100}},{"__type__":"cc.Node","_name":"New Label","_parent":{"__id__":9},"_components":[{"__type__":"cc.Label","node":{"__id__":10},"_useOriginalSize":false,"_actualFontSize":36,"_fontSize":50,"_lineHeight":70,"_N$string":"プレイ状況通知\n(チャット中のみ作動)","_N$horizontalAlign":1,"_N$verticalAlign":1,"_N$overflow":2}],"_contentSize":{"__type__":"cc.Size","width":470,"height":100}},{"__type__":"cc.Node","_name":"Btn_CreateShortCut","_parent":{"__id__":4},"_children":[{"__id__":12}],"_components":[{"__type__":"cc.Sprite","node":{"__id__":11},"_spriteFrame":{"__uuid__":"83QGOCWhRF/bD1pIFfj/Uk"},"_type":1,"_sizeMode":0},{"__type__":"cc.Button","node":{"__id__":11},"transition":2,"clickEvents":[{"__type__":"cc.ClickEvent","target":{"__id__":4},"component":"FbInstantGames","handler":"createShortCut"}],"_N$normalSprite":{"__uuid__":"83QGOCWhRF/bD1pIFfj/Uk"},"_N$pressedSprite":{"__uuid__":"07I42l/t1NmYSeK3ndSM3K"},"pressedSprite":{"__uuid__":"07I42l/t1NmYSeK3ndSM3K"},"_N$target":{"__id__":11}}],"_color":{"__type__":"cc.Color","g":139,"b":204},"_contentSize":{"__type__":"cc.Size","width":500,"height":139},"_position":{"__type__":"cc.Vec2","y":-50}},{"__type__":"cc.Node","_name":"New Label","_parent":{"__id__":11},"_components":[{"__type__":"cc.Label","node":{"__id__":12},"_useOriginalSize":false,"_actualFontSize":50,"_fontSize":50,"_lineHeight":70,"_N$string":"ショートカット作成!","_N$horizontalAlign":1,"_N$verticalAlign":1,"_N$overflow":2}],"_contentSize":{"__type__":"cc.Size","width":470,"height":100}},{"__type__":"cc.Node","_name":"Btn_Multi","_parent":{"__id__":4},"_children":[{"__id__":14}],"_components":[{"__type__":"cc.Sprite","node":{"__id__":13},"_spriteFrame":{"__uuid__":"83QGOCWhRF/bD1pIFfj/Uk"},"_type":1,"_sizeMode":0},{"__type__":"cc.Button","node":{"__id__":13},"transition":2,"clickEvents":[{"__type__":"cc.ClickEvent","target":{"__id__":4},"component":"FbInstantGames","handler":"PlayWithFriends"}],"_N$normalSprite":{"__uuid__":"83QGOCWhRF/bD1pIFfj/Uk"},"_N$pressedSprite":{"__uuid__":"07I42l/t1NmYSeK3ndSM3K"},"pressedSprite":{"__uuid__":"07I42l/t1NmYSeK3ndSM3K"},"_N$target":{"__id__":13}}],"_color":{"__type__":"cc.Color","g":139,"b":204},"_contentSize":{"__type__":"cc.Size","width":500,"height":139},"_position":{"__type__":"cc.Vec2","y":-200}},{"__type__":"cc.Node","_name":"New Label","_parent":{"__id__":13},"_components":[{"__type__":"cc.Label","node":{"__id__":14},"_useOriginalSize":false,"_actualFontSize":50,"_fontSize":50,"_lineHeight":70,"_N$string":"友達と遊ぶ","_N$horizontalAlign":1,"_N$verticalAlign":1,"_N$overflow":2}],"_contentSize":{"__type__":"cc.Size","width":470,"height":100}},{"__type__":"cc.Node","_name":"Btn_Battle","_parent":{"__id__":4},"_children":[{"__id__":16}],"_components":[{"__type__":"cc.Sprite","node":{"__id__":15},"_spriteFrame":{"__uuid__":"83QGOCWhRF/bD1pIFfj/Uk"},"_type":1,"_sizeMode":0},{"__type__":"cc.Button","node":{"__id__":15},"transition":2,"clickEvents":[{"__type__":"cc.ClickEvent","target":{"__id__":4},"component":"FbMatchGame","handler":"MathBattleFriendChoose"}],"_N$normalSprite":{"__uuid__":"83QGOCWhRF/bD1pIFfj/Uk"},"_N$pressedSprite":{"__uuid__":"07I42l/t1NmYSeK3ndSM3K"},"pressedSprite":{"__uuid__":"07I42l/t1NmYSeK3ndSM3K"},"_N$target":{"__id__":15}}],"_color":{"__type__":"cc.Color","g":139,"b":204},"_contentSize":{"__type__":"cc.Size","width":500,"height":139},"_position":{"__type__":"cc.Vec2","y":-350}},{"__type__":"cc.Node","_name":"New Label","_parent":{"__id__":15},"_components":[{"__type__":"cc.Label","node":{"__id__":16},"_useOriginalSize":false,"_actualFontSize":50,"_fontSize":50,"_lineHeight":70,"_N$string":"対戦する！","_N$horizontalAlign":1,"_N$verticalAlign":1,"_N$overflow":2}],"_contentSize":{"__type__":"cc.Size","width":470,"height":100}},{"__type__":"cc.Node","_name":"トリミング範囲(目安)","_parent":{"__id__":4},"_active":false,"_components":[{"__type__":"cc.Sprite","node":{"__id__":17},"_spriteFrame":{"__uuid__":"a2MjXRFdtLlYQ5ouAFv/+R"},"_sizeMode":0}],"_opacity":50,"_contentSize":{"__type__":"cc.Size","width":720,"height":375},"_position":{"__type__":"cc.Vec2","y":-450}},{"__type__":"cc.Node","_name":"_TestNode","_parent":{"__id__":4},"_children":[{"__id__":19}],"_active":false,"_components":[{"__type__":"cc.Sprite","node":{"__id__":18},"_spriteFrame":{"__uuid__":"a2MjXRFdtLlYQ5ouAFv/+R"},"_sizeMode":0}],"_color":{"__type__":"cc.Color","g":255,"b":122},"_contentSize":{"__type__":"cc.Size","width":720,"height":375},"_position":{"__type__":"cc.Vec2","x":-40,"y":-452.5}},{"__type__":"cc.Node","_name":"New Label","_parent":{"__id__":18},"_components":[{"__type__":"cc.Label","node":{"__id__":19},"_useOriginalSize":false,"_actualFontSize":60,"_fontSize":60,"_lineHeight":70,"_N$string":"SCREEN SHOT","_N$horizontalAlign":1,"_N$verticalAlign":1},{"__type__":"cc.LabelOutline","node":{"__id__":19},"_color":{"__type__":"cc.Color"},"_width":3}],"_contentSize":{"__type__":"cc.Size","width":439,"height":70}}]]